Workbook

Sheet Reference Sheet Check
A1: Iridium-192 HDR Brachytherapy Source Check of Decay Chart
A2: Manufacurer's Calibration:455.7GBq @20:58 CET on 21 Feb 2018
A3: Flexisource No.: NLF 01 D85E-2431
A4: CCSEO Batch Number: 39
A5: Date of source installation @ CCSEO: Mar 12 2018
A7: Manufacturer's source strength on | E7: Date and Time: | F7: Decay Factor | G7: Activity at present
A8: 43152.874 | B8: (Holand) | D8: First | E8: 43171.5 | F8: =EXP(-0.693*(E8-$A$9)/73.831) -> 0.83762944 | G8: =$A$10*F8*110 -> 41232.309 | H8: U (mGy m2h-1)
A9: =A8-6/24 -> 43152.624 | B9: (Here) | D9: Last | E9: =$E$8+119 -> 43290.5 | F9: =EXP(-0.693*(E9-$A$9)/73.831) -> 0.27413097 | G9: =$A$10*F9*110 -> 13494.097 | H9: U (mGy m2h-1)
A10: 447.5 | B10: GBq | D10: Day 10 | E10: =$E$8+VALUE(RIGHT(D10:D10,LEN(D10)-SEARCH(" ",D10)))-1 -> 43180.5 | F10: =EXP(-0.693*(E10-$A$9)/73.831) -> 0.76977564 | G10: =$A$10*F10*110 -> 37892.206 | H10: U (mGy m2h-1)
D11: Day 20 | E11: =$E$8+VALUE(RIGHT(D11:D11,LEN(D11)-SEARCH(" ",D11)))-1 -> 43190.5 | F11: =EXP(-0.693*(E11-$A$9)/73.831) -> 0.70080949 | G11: =$A$10*F11*110 -> 34497.347 | H11: U (mGy m2h-1)
D12: Day 30 | E12: =$E$8+VALUE(RIGHT(D12:D12,LEN(D12)-SEARCH(" ",D12)))-1 -> 43200.5 | F12: =EXP(-0.693*(E12-$A$9)/73.831) -> 0.6380222 | G12: =$A$10*F12*110 -> 31406.643 | H12: U (mGy m2h-1)
D13: Day 41 | E13: =$E$8+VALUE(RIGHT(D13:D13,LEN(D13)-SEARCH(" ",D13)))-1 -> 43211.5 | F13: =EXP(-0.693*(E13-$A$9)/73.831) -> 0.57543355 | G13: =$A$10*F13*110 -> 28325.717 | H13: U (mGy m2h-1)
D14: Day 60 | E14: =$E$8+VALUE(RIGHT(D14:D14,LEN(D14)-SEARCH(" ",D14)))-1 -> 43230.5 | F14: =EXP(-0.693*(E14-$A$9)/73.831) -> 0.48144117 | G14: =$A$10*F14*110 -> 23698.942 | H14: U (mGy m2h-1)
D15: Day 71 | E15: =$E$8+VALUE(RIGHT(D15:D15,LEN(D15)-SEARCH(" ",D15)))-1 -> 43241.5 | F15: =EXP(-0.693*(E15-$A$9)/73.831) -> 0.4342128 | G15: =$A$10*F15*110 -> 21374.125 | H15: U (mGy m2h-1)
D16: Day 90 | E16: =$E$8+VALUE(RIGHT(D16:D16,LEN(D16)-SEARCH(" ",D16)))-1 -> 43260.5 | F16: =EXP(-0.693*(E16-$A$9)/73.831) -> 0.36328767 | G16: =$A$10*F16*110 -> 17882.836 | H16: U (mGy m2h-1)
D17: Day 101 | E17: =$E$8+VALUE(RIGHT(D17:D17,LEN(D17)-SEARCH(" ",D17)))-1 -> 43271.5 | F17: =EXP(-0.693*(E17-$A$9)/73.831) -> 0.32764991 | G17: =$A$10*F17*110 -> 16128.567 | H17: U (mGy m2h-1)
D18: Day 111 | E18: =$E$8+VALUE(RIGHT(D18:D18,LEN(D18)-SEARCH(" ",D18)))-1 -> 43281.5 | F18: =EXP(-0.693*(E18-$A$9)/73.831) -> 0.29829493 | G18: =$A$10*F18*110 -> 14683.568 | H18: U (mGy m2h-1)

Sheet Check of Specific Date & time
A1: Iridium-192 HDR Brachytherapy Source Check of Decay Chart
A2: ='Reference Sheet Check'!A2 -> Manufacurer's Calibration:455.7GBq @20:58 CET on 21 Feb 2018
A3: ='Reference Sheet Check'!A3 -> Flexisource No.: NLF 01 D85E-2431
A4: ='Reference Sheet Check'!A4 -> CCSEO Batch Number: 39
A5: ='Reference Sheet Check'!A5 -> Date of source installation @ CCSEO: Mar 12 2018
A7: Manufacturer's source strength on | E7: Date and Time: | F7: Decay Factor | G7: Activity at present
A8: ='Reference Sheet Check'!A8 -> 43152.874 | B8: (Holand) | D8: Specific Date & Time | E8: 43217.5 | F8: =EXP(-0.693*(E8-$A$9)/73.831) -> 0.54392206 | G8: =$A$10*F8*110 -> 26774.563 | H8: U (mGy m2h-1)
A9: =A8-6/24 -> 43152.624 | B9: (Here) | D9: Now | E9: =NOW() -> 43171.696 | F9: =EXP(-0.693*(E9-$A$9)/73.831) -> 0.8360911 | G9: =$A$10*F9*110 -> 41156.585 | H9: U (mGy m2h-1)
A10: ='Reference Sheet Check'!A10 -> 447.5 | B10: GBq
A11: =A10*110 -> 49225 | B11: U (mGy m2h-1)
